"'Licence ","'","'","'Player ","'","'","'Fouls ","'","'",
"'no. ","'Players ","'No. ","'in ","'1 ","'2 ","'3 ","'4 ","'5 ",
"'","'Guicciardi D. ","'","'","'","'","'","'","'",
"'","'Avantaggiato A. ","'","'","'","'","'","'","'",
"'","'Carnevali A. ","'","'","'","'","'","'","'",
"'","'Mangano R. ","'","'","'","'","'","'","'",
"'","'Baraldi F. ","'","'","'","'","'","'","'",
"'","'Formisano G. ","'","'","'","'","'","'","'",
"'","'Scaturchio G. ","'","'","'","'","'","'","'",
"'","'Grillenzoni V. ","'","'","'","'","'","'","'",
"'","'Vescovini J. ","'","'","'","'","'","'","'",
"'","'Cl√≤ P. ","'","'","'","'","'","'","'",
"'","'Verona M. ","'","'","'","'","'","'","'",
"'","'Riso G. ","'","'","'","'","'","'","'",
"'","'Marco ","'","'","'","'","'","'","'",
